# source_api_id	status	crystal_refs	notes
cursor/cursor.go::const::CursorBlink	missing	-	baseline
cursor/cursor.go::const::CursorHide	missing	-	baseline
cursor/cursor.go::const::CursorStatic	missing	-	baseline
cursor/cursor.go::func::Blink	missing	-	baseline
cursor/cursor.go::func::New	missing	-	baseline
cursor/cursor.go::method::Mode.String	missing	-	baseline
cursor/cursor.go::method::Model.Blink	missing	-	baseline
cursor/cursor.go::method::Model.Blur	missing	-	baseline
cursor/cursor.go::method::Model.Focus	missing	-	baseline
cursor/cursor.go::method::Model.Mode	missing	-	baseline
cursor/cursor.go::method::Model.SetChar	missing	-	baseline
cursor/cursor.go::method::Model.SetMode	missing	-	baseline
cursor/cursor.go::method::Model.Update	missing	-	baseline
cursor/cursor.go::method::Model.View	missing	-	baseline
cursor/cursor.go::struct::BlinkMsg	missing	-	baseline
cursor/cursor.go::struct::Model	missing	-	baseline
cursor/cursor.go::type::Mode	missing	-	baseline
filepicker/filepicker.go::func::DefaultKeyMap	missing	-	baseline
filepicker/filepicker.go::func::DefaultStyles	missing	-	baseline
filepicker/filepicker.go::func::New	missing	-	baseline
filepicker/filepicker.go::method::Model.DidSelectDisabledFile	missing	-	baseline
filepicker/filepicker.go::method::Model.DidSelectFile	missing	-	baseline
filepicker/filepicker.go::method::Model.Height	missing	-	baseline
filepicker/filepicker.go::method::Model.HighlightedPath	missing	-	baseline
filepicker/filepicker.go::method::Model.Init	missing	-	baseline
filepicker/filepicker.go::method::Model.SetHeight	missing	-	baseline
filepicker/filepicker.go::method::Model.Update	missing	-	baseline
filepicker/filepicker.go::method::Model.View	missing	-	baseline
filepicker/filepicker.go::struct::KeyMap	missing	-	baseline
filepicker/filepicker.go::struct::Model	missing	-	baseline
filepicker/filepicker.go::struct::Styles	missing	-	baseline
filepicker/hidden_unix.go::func::IsHidden	missing	-	baseline
filepicker/hidden_windows.go::func::IsHidden	missing	-	baseline
help/help.go::func::DefaultDarkStyles	missing	-	baseline
help/help.go::func::DefaultLightStyles	missing	-	baseline
help/help.go::func::DefaultStyles	missing	-	baseline
help/help.go::func::New	missing	-	baseline
help/help.go::method::Model.FullHelpView	missing	-	baseline
help/help.go::method::Model.SetWidth	missing	-	baseline
help/help.go::method::Model.ShortHelpView	missing	-	baseline
help/help.go::method::Model.Update	missing	-	baseline
help/help.go::method::Model.View	missing	-	baseline
help/help.go::method::Model.Width	missing	-	baseline
help/help.go::struct::Model	missing	-	baseline
help/help.go::struct::Styles	missing	-	baseline
help/help.go::type::KeyMap	missing	-	baseline
internal/memoization/memoization.go::method::HInt.Hash	missing	-	baseline
internal/memoization/memoization.go::method::HString.Hash	missing	-	baseline
internal/memoization/memoization.go::method::T].Capacity	missing	-	baseline
internal/memoization/memoization.go::method::T].Get	missing	-	baseline
internal/memoization/memoization.go::method::T].Set	missing	-	baseline
internal/memoization/memoization.go::method::T].Size	missing	-	baseline
internal/memoization/memoization.go::struct::MemoCache	missing	-	baseline
internal/memoization/memoization.go::type::HInt	missing	-	baseline
internal/memoization/memoization.go::type::HString	missing	-	baseline
internal/memoization/memoization.go::type::Hasher	missing	-	baseline
internal/runeutil/runeutil.go::func::NewSanitizer	missing	-	baseline
internal/runeutil/runeutil.go::func::ReplaceNewlines	missing	-	baseline
internal/runeutil/runeutil.go::func::ReplaceTabs	missing	-	baseline
internal/runeutil/runeutil.go::method::sanitizer.Sanitize	missing	-	baseline
internal/runeutil/runeutil.go::type::Option	missing	-	baseline
internal/runeutil/runeutil.go::type::Sanitizer	missing	-	baseline
key/key.go::func::NewBinding	missing	-	baseline
key/key.go::func::WithDisabled	missing	-	baseline
key/key.go::func::WithHelp	missing	-	baseline
key/key.go::func::WithKeys	missing	-	baseline
key/key.go::method::Binding.Enabled	missing	-	baseline
key/key.go::method::Binding.Help	missing	-	baseline
key/key.go::method::Binding.Keys	missing	-	baseline
key/key.go::method::Binding.SetEnabled	missing	-	baseline
key/key.go::method::Binding.SetHelp	missing	-	baseline
key/key.go::method::Binding.SetKeys	missing	-	baseline
key/key.go::method::Binding.Unbind	missing	-	baseline
key/key.go::struct::Binding	missing	-	baseline
key/key.go::struct::Help	missing	-	baseline
key/key.go::type::BindingOpt	missing	-	baseline
list/defaultitem.go::func::NewDefaultDelegate	missing	-	baseline
list/defaultitem.go::func::NewDefaultItemStyles	missing	-	baseline
list/defaultitem.go::method::DefaultDelegate.FullHelp	missing	-	baseline
list/defaultitem.go::method::DefaultDelegate.Height	missing	-	baseline
list/defaultitem.go::method::DefaultDelegate.Render	missing	-	baseline
list/defaultitem.go::method::DefaultDelegate.SetHeight	missing	-	baseline
list/defaultitem.go::method::DefaultDelegate.SetSpacing	missing	-	baseline
list/defaultitem.go::method::DefaultDelegate.ShortHelp	missing	-	baseline
list/defaultitem.go::method::DefaultDelegate.Spacing	missing	-	baseline
list/defaultitem.go::method::DefaultDelegate.Update	missing	-	baseline
list/defaultitem.go::struct::DefaultDelegate	missing	-	baseline
list/defaultitem.go::struct::DefaultItemStyles	missing	-	baseline
list/defaultitem.go::type::DefaultItem	missing	-	baseline
list/keys.go::func::DefaultKeyMap	missing	-	baseline
list/keys.go::struct::KeyMap	missing	-	baseline
list/list.go::const::FilterApplied	missing	-	baseline
list/list.go::const::Filtering	missing	-	baseline
list/list.go::const::Unfiltered	missing	-	baseline
list/list.go::func::DefaultFilter	missing	-	baseline
list/list.go::func::New	missing	-	baseline
list/list.go::func::UnsortedFilter	missing	-	baseline
list/list.go::method::FilterState.String	missing	-	baseline
list/list.go::method::Model.Cursor	missing	-	baseline
list/list.go::method::Model.CursorDown	missing	-	baseline
list/list.go::method::Model.CursorUp	missing	-	baseline
list/list.go::method::Model.DisableQuitKeybindings	missing	-	baseline
list/list.go::method::Model.FilterState	missing	-	baseline
list/list.go::method::Model.FilterValue	missing	-	baseline
list/list.go::method::Model.FilteringEnabled	missing	-	baseline
list/list.go::method::Model.FullHelp	missing	-	baseline
list/list.go::method::Model.GlobalIndex	missing	-	baseline
list/list.go::method::Model.GoToEnd	missing	-	baseline
list/list.go::method::Model.GoToStart	missing	-	baseline
list/list.go::method::Model.Height	missing	-	baseline
list/list.go::method::Model.Index	missing	-	baseline
list/list.go::method::Model.InsertItem	missing	-	baseline
list/list.go::method::Model.IsFiltered	missing	-	baseline
list/list.go::method::Model.Items	missing	-	baseline
list/list.go::method::Model.MatchesForItem	missing	-	baseline
list/list.go::method::Model.NewStatusMessage	missing	-	baseline
list/list.go::method::Model.NextPage	missing	-	baseline
list/list.go::method::Model.PrevPage	missing	-	baseline
list/list.go::method::Model.RemoveItem	missing	-	baseline
list/list.go::method::Model.ResetFilter	missing	-	baseline
list/list.go::method::Model.ResetSelected	missing	-	baseline
list/list.go::method::Model.Select	missing	-	baseline
list/list.go::method::Model.SelectedItem	missing	-	baseline
list/list.go::method::Model.SetDelegate	missing	-	baseline
list/list.go::method::Model.SetFilterState	missing	-	baseline
list/list.go::method::Model.SetFilterText	missing	-	baseline
list/list.go::method::Model.SetFilteringEnabled	missing	-	baseline
list/list.go::method::Model.SetHeight	missing	-	baseline
list/list.go::method::Model.SetItem	missing	-	baseline
list/list.go::method::Model.SetItems	missing	-	baseline
list/list.go::method::Model.SetShowFilter	missing	-	baseline
list/list.go::method::Model.SetShowHelp	missing	-	baseline
list/list.go::method::Model.SetShowPagination	missing	-	baseline
list/list.go::method::Model.SetShowStatusBar	missing	-	baseline
list/list.go::method::Model.SetShowTitle	missing	-	baseline
list/list.go::method::Model.SetSize	missing	-	baseline
list/list.go::method::Model.SetSpinner	missing	-	baseline
list/list.go::method::Model.SetStatusBarItemName	missing	-	baseline
list/list.go::method::Model.SetWidth	missing	-	baseline
list/list.go::method::Model.SettingFilter	missing	-	baseline
list/list.go::method::Model.ShortHelp	missing	-	baseline
list/list.go::method::Model.ShowFilter	missing	-	baseline
list/list.go::method::Model.ShowHelp	missing	-	baseline
list/list.go::method::Model.ShowPagination	missing	-	baseline
list/list.go::method::Model.ShowStatusBar	missing	-	baseline
list/list.go::method::Model.ShowTitle	missing	-	baseline
list/list.go::method::Model.StartSpinner	missing	-	baseline
list/list.go::method::Model.StatusBarItemName	missing	-	baseline
list/list.go::method::Model.StopSpinner	missing	-	baseline
list/list.go::method::Model.ToggleSpinner	missing	-	baseline
list/list.go::method::Model.Update	missing	-	baseline
list/list.go::method::Model.View	missing	-	baseline
list/list.go::method::Model.VisibleItems	missing	-	baseline
list/list.go::method::Model.Width	missing	-	baseline
list/list.go::struct::Model	missing	-	baseline
list/list.go::struct::Rank	missing	-	baseline
list/list.go::type::FilterFunc	missing	-	baseline
list/list.go::type::FilterMatchesMsg	missing	-	baseline
list/list.go::type::FilterState	missing	-	baseline
list/list.go::type::Item	missing	-	baseline
list/list.go::type::ItemDelegate	missing	-	baseline
list/style.go::func::DefaultStyles	missing	-	baseline
list/style.go::struct::Styles	missing	-	baseline
paginator/paginator.go::const::Arabic	missing	-	baseline
paginator/paginator.go::const::Dots	missing	-	baseline
paginator/paginator.go::func::DefaultKeyMap	missing	-	baseline
paginator/paginator.go::func::New	missing	-	baseline
paginator/paginator.go::func::WithPerPage	missing	-	baseline
paginator/paginator.go::func::WithTotalPages	missing	-	baseline
paginator/paginator.go::method::Model.GetSliceBounds	missing	-	baseline
paginator/paginator.go::method::Model.ItemsOnPage	missing	-	baseline
paginator/paginator.go::method::Model.NextPage	missing	-	baseline
paginator/paginator.go::method::Model.OnFirstPage	missing	-	baseline
paginator/paginator.go::method::Model.OnLastPage	missing	-	baseline
paginator/paginator.go::method::Model.PrevPage	missing	-	baseline
paginator/paginator.go::method::Model.SetTotalPages	missing	-	baseline
paginator/paginator.go::method::Model.Update	missing	-	baseline
paginator/paginator.go::method::Model.View	missing	-	baseline
paginator/paginator.go::struct::KeyMap	missing	-	baseline
paginator/paginator.go::struct::Model	missing	-	baseline
paginator/paginator.go::type::Option	missing	-	baseline
paginator/paginator.go::type::Type	missing	-	baseline
progress/progress.go::const::DefaultEmptyCharBlock	missing	-	baseline
progress/progress.go::const::DefaultFullCharFullBlock	missing	-	baseline
progress/progress.go::const::DefaultFullCharHalfBlock	missing	-	baseline
progress/progress.go::func::New	missing	-	baseline
progress/progress.go::func::WithColorFunc	missing	-	baseline
progress/progress.go::func::WithColors	missing	-	baseline
progress/progress.go::func::WithDefaultBlend	missing	-	baseline
progress/progress.go::func::WithFillCharacters	missing	-	baseline
progress/progress.go::func::WithScaled	missing	-	baseline
progress/progress.go::func::WithSpringOptions	missing	-	baseline
progress/progress.go::func::WithWidth	missing	-	baseline
progress/progress.go::func::WithoutPercentage	missing	-	baseline
progress/progress.go::method::Model.DecrPercent	missing	-	baseline
progress/progress.go::method::Model.IncrPercent	missing	-	baseline
progress/progress.go::method::Model.Init	missing	-	baseline
progress/progress.go::method::Model.IsAnimating	missing	-	baseline
progress/progress.go::method::Model.Percent	missing	-	baseline
progress/progress.go::method::Model.SetPercent	missing	-	baseline
progress/progress.go::method::Model.SetSpringOptions	missing	-	baseline
progress/progress.go::method::Model.SetWidth	missing	-	baseline
progress/progress.go::method::Model.Update	missing	-	baseline
progress/progress.go::method::Model.View	missing	-	baseline
progress/progress.go::method::Model.ViewAs	missing	-	baseline
progress/progress.go::method::Model.Width	missing	-	baseline
progress/progress.go::struct::FrameMsg	missing	-	baseline
progress/progress.go::struct::Model	missing	-	baseline
progress/progress.go::type::ColorFunc	missing	-	baseline
progress/progress.go::type::Option	missing	-	baseline
spinner/spinner.go::func::New	missing	-	baseline
spinner/spinner.go::func::WithSpinner	missing	-	baseline
spinner/spinner.go::func::WithStyle	missing	-	baseline
spinner/spinner.go::method::Model.ID	missing	-	baseline
spinner/spinner.go::method::Model.Tick	missing	-	baseline
spinner/spinner.go::method::Model.Update	missing	-	baseline
spinner/spinner.go::method::Model.View	missing	-	baseline
spinner/spinner.go::struct::Model	missing	-	baseline
spinner/spinner.go::struct::Spinner	missing	-	baseline
spinner/spinner.go::struct::TickMsg	missing	-	baseline
spinner/spinner.go::type::Option	missing	-	baseline
stopwatch/stopwatch.go::func::New	missing	-	baseline
stopwatch/stopwatch.go::func::WithInterval	missing	-	baseline
stopwatch/stopwatch.go::method::Model.Elapsed	missing	-	baseline
stopwatch/stopwatch.go::method::Model.ID	missing	-	baseline
stopwatch/stopwatch.go::method::Model.Init	missing	-	baseline
stopwatch/stopwatch.go::method::Model.Reset	missing	-	baseline
stopwatch/stopwatch.go::method::Model.Running	missing	-	baseline
stopwatch/stopwatch.go::method::Model.Start	missing	-	baseline
stopwatch/stopwatch.go::method::Model.Stop	missing	-	baseline
stopwatch/stopwatch.go::method::Model.Toggle	missing	-	baseline
stopwatch/stopwatch.go::method::Model.Update	missing	-	baseline
stopwatch/stopwatch.go::method::Model.View	missing	-	baseline
stopwatch/stopwatch.go::struct::Model	missing	-	baseline
stopwatch/stopwatch.go::struct::ResetMsg	missing	-	baseline
stopwatch/stopwatch.go::struct::StartStopMsg	missing	-	baseline
stopwatch/stopwatch.go::struct::TickMsg	missing	-	baseline
stopwatch/stopwatch.go::type::Option	missing	-	baseline
table/table.go::func::DefaultKeyMap	missing	-	baseline
table/table.go::func::DefaultStyles	missing	-	baseline
table/table.go::func::New	missing	-	baseline
table/table.go::func::WithColumns	missing	-	baseline
table/table.go::func::WithFocused	missing	-	baseline
table/table.go::func::WithHeight	missing	-	baseline
table/table.go::func::WithKeyMap	missing	-	baseline
table/table.go::func::WithRows	missing	-	baseline
table/table.go::func::WithStyles	missing	-	baseline
table/table.go::func::WithWidth	missing	-	baseline
table/table.go::method::KeyMap.FullHelp	missing	-	baseline
table/table.go::method::KeyMap.ShortHelp	missing	-	baseline
table/table.go::method::Model.Blur	missing	-	baseline
table/table.go::method::Model.Columns	missing	-	baseline
table/table.go::method::Model.Cursor	missing	-	baseline
table/table.go::method::Model.Focus	missing	-	baseline
table/table.go::method::Model.Focused	missing	-	baseline
table/table.go::method::Model.FromValues	missing	-	baseline
table/table.go::method::Model.GotoBottom	missing	-	baseline
table/table.go::method::Model.GotoTop	missing	-	baseline
table/table.go::method::Model.Height	missing	-	baseline
table/table.go::method::Model.HelpView	missing	-	baseline
table/table.go::method::Model.MoveDown	missing	-	baseline
table/table.go::method::Model.MoveUp	missing	-	baseline
table/table.go::method::Model.Rows	missing	-	baseline
table/table.go::method::Model.SelectedRow	missing	-	baseline
table/table.go::method::Model.SetColumns	missing	-	baseline
table/table.go::method::Model.SetCursor	missing	-	baseline
table/table.go::method::Model.SetHeight	missing	-	baseline
table/table.go::method::Model.SetRows	missing	-	baseline
table/table.go::method::Model.SetStyles	missing	-	baseline
table/table.go::method::Model.SetWidth	missing	-	baseline
table/table.go::method::Model.Update	missing	-	baseline
table/table.go::method::Model.UpdateViewport	missing	-	baseline
table/table.go::method::Model.View	missing	-	baseline
table/table.go::method::Model.Width	missing	-	baseline
table/table.go::struct::Column	missing	-	baseline
table/table.go::struct::KeyMap	missing	-	baseline
table/table.go::struct::Model	missing	-	baseline
table/table.go::struct::Styles	missing	-	baseline
table/table.go::type::Option	missing	-	baseline
table/table.go::type::Row	missing	-	baseline
textarea/textarea.go::func::Blink	missing	-	baseline
textarea/textarea.go::func::DefaultDarkStyles	missing	-	baseline
textarea/textarea.go::func::DefaultKeyMap	missing	-	baseline
textarea/textarea.go::func::DefaultLightStyles	missing	-	baseline
textarea/textarea.go::func::DefaultStyles	missing	-	baseline
textarea/textarea.go::func::New	missing	-	baseline
textarea/textarea.go::func::Paste	missing	-	baseline
textarea/textarea.go::method::Model.Blur	missing	-	baseline
textarea/textarea.go::method::Model.Column	missing	-	baseline
textarea/textarea.go::method::Model.Cursor	missing	-	baseline
textarea/textarea.go::method::Model.CursorDown	missing	-	baseline
textarea/textarea.go::method::Model.CursorEnd	missing	-	baseline
textarea/textarea.go::method::Model.CursorStart	missing	-	baseline
textarea/textarea.go::method::Model.CursorUp	missing	-	baseline
textarea/textarea.go::method::Model.Focus	missing	-	baseline
textarea/textarea.go::method::Model.Focused	missing	-	baseline
textarea/textarea.go::method::Model.Height	missing	-	baseline
textarea/textarea.go::method::Model.InsertRune	missing	-	baseline
textarea/textarea.go::method::Model.InsertString	missing	-	baseline
textarea/textarea.go::method::Model.Length	missing	-	baseline
textarea/textarea.go::method::Model.Line	missing	-	baseline
textarea/textarea.go::method::Model.LineCount	missing	-	baseline
textarea/textarea.go::method::Model.LineInfo	missing	-	baseline
textarea/textarea.go::method::Model.MoveToBegin	missing	-	baseline
textarea/textarea.go::method::Model.MoveToEnd	missing	-	baseline
textarea/textarea.go::method::Model.PageDown	missing	-	baseline
textarea/textarea.go::method::Model.PageUp	missing	-	baseline
textarea/textarea.go::method::Model.Reset	missing	-	baseline
textarea/textarea.go::method::Model.ScrollPercent	missing	-	baseline
textarea/textarea.go::method::Model.ScrollYOffset	missing	-	baseline
textarea/textarea.go::method::Model.SetCursorColumn	missing	-	baseline
textarea/textarea.go::method::Model.SetHeight	missing	-	baseline
textarea/textarea.go::method::Model.SetPromptFunc	missing	-	baseline
textarea/textarea.go::method::Model.SetStyles	missing	-	baseline
textarea/textarea.go::method::Model.SetValue	missing	-	baseline
textarea/textarea.go::method::Model.SetVirtualCursor	missing	-	baseline
textarea/textarea.go::method::Model.SetWidth	missing	-	baseline
textarea/textarea.go::method::Model.Styles	missing	-	baseline
textarea/textarea.go::method::Model.Update	missing	-	baseline
textarea/textarea.go::method::Model.Value	missing	-	baseline
textarea/textarea.go::method::Model.View	missing	-	baseline
textarea/textarea.go::method::Model.VirtualCursor	missing	-	baseline
textarea/textarea.go::method::Model.Width	missing	-	baseline
textarea/textarea.go::method::Model.Word	missing	-	baseline
textarea/textarea.go::method::line.Hash	missing	-	baseline
textarea/textarea.go::struct::CursorStyle	missing	-	baseline
textarea/textarea.go::struct::KeyMap	missing	-	baseline
textarea/textarea.go::struct::LineInfo	missing	-	baseline
textarea/textarea.go::struct::Model	missing	-	baseline
textarea/textarea.go::struct::PromptInfo	missing	-	baseline
textarea/textarea.go::struct::StyleState	missing	-	baseline
textarea/textarea.go::struct::Styles	missing	-	baseline
textinput/styles.go::func::DefaultDarkStyles	missing	-	baseline
textinput/styles.go::func::DefaultLightStyles	missing	-	baseline
textinput/styles.go::func::DefaultStyles	missing	-	baseline
textinput/styles.go::struct::CursorStyle	missing	-	baseline
textinput/styles.go::struct::StyleState	missing	-	baseline
textinput/styles.go::struct::Styles	missing	-	baseline
textinput/textinput.go::const::EchoNone	missing	-	baseline
textinput/textinput.go::const::EchoNormal	missing	-	baseline
textinput/textinput.go::const::EchoPassword	missing	-	baseline
textinput/textinput.go::func::Blink	missing	-	baseline
textinput/textinput.go::func::DefaultKeyMap	missing	-	baseline
textinput/textinput.go::func::New	missing	-	baseline
textinput/textinput.go::func::Paste	missing	-	baseline
textinput/textinput.go::method::Model.AvailableSuggestions	missing	-	baseline
textinput/textinput.go::method::Model.Blur	missing	-	baseline
textinput/textinput.go::method::Model.CurrentSuggestion	missing	-	baseline
textinput/textinput.go::method::Model.CurrentSuggestionIndex	missing	-	baseline
textinput/textinput.go::method::Model.Cursor	missing	-	baseline
textinput/textinput.go::method::Model.CursorEnd	missing	-	baseline
textinput/textinput.go::method::Model.CursorStart	missing	-	baseline
textinput/textinput.go::method::Model.Focus	missing	-	baseline
textinput/textinput.go::method::Model.Focused	missing	-	baseline
textinput/textinput.go::method::Model.MatchedSuggestions	missing	-	baseline
textinput/textinput.go::method::Model.Position	missing	-	baseline
textinput/textinput.go::method::Model.Reset	missing	-	baseline
textinput/textinput.go::method::Model.SetCursor	missing	-	baseline
textinput/textinput.go::method::Model.SetStyles	missing	-	baseline
textinput/textinput.go::method::Model.SetSuggestions	missing	-	baseline
textinput/textinput.go::method::Model.SetValue	missing	-	baseline
textinput/textinput.go::method::Model.SetVirtualCursor	missing	-	baseline
textinput/textinput.go::method::Model.SetWidth	missing	-	baseline
textinput/textinput.go::method::Model.Styles	missing	-	baseline
textinput/textinput.go::method::Model.Update	missing	-	baseline
textinput/textinput.go::method::Model.Value	missing	-	baseline
textinput/textinput.go::method::Model.View	missing	-	baseline
textinput/textinput.go::method::Model.VirtualCursor	missing	-	baseline
textinput/textinput.go::method::Model.Width	missing	-	baseline
textinput/textinput.go::struct::KeyMap	missing	-	baseline
textinput/textinput.go::struct::Model	missing	-	baseline
textinput/textinput.go::type::EchoMode	missing	-	baseline
textinput/textinput.go::type::ValidateFunc	missing	-	baseline
timer/timer.go::func::New	missing	-	baseline
timer/timer.go::func::WithInterval	missing	-	baseline
timer/timer.go::method::Model.ID	missing	-	baseline
timer/timer.go::method::Model.Init	missing	-	baseline
timer/timer.go::method::Model.Running	missing	-	baseline
timer/timer.go::method::Model.Start	missing	-	baseline
timer/timer.go::method::Model.Stop	missing	-	baseline
timer/timer.go::method::Model.Timedout	missing	-	baseline
timer/timer.go::method::Model.Toggle	missing	-	baseline
timer/timer.go::method::Model.Update	missing	-	baseline
timer/timer.go::method::Model.View	missing	-	baseline
timer/timer.go::struct::Model	missing	-	baseline
timer/timer.go::struct::StartStopMsg	missing	-	baseline
timer/timer.go::struct::TickMsg	missing	-	baseline
timer/timer.go::struct::TimeoutMsg	missing	-	baseline
timer/timer.go::type::Option	missing	-	baseline
viewport/keymap.go::func::DefaultKeyMap	missing	-	baseline
viewport/keymap.go::struct::KeyMap	missing	-	baseline
viewport/viewport.go::func::New	missing	-	baseline
viewport/viewport.go::func::WithHeight	missing	-	baseline
viewport/viewport.go::func::WithWidth	missing	-	baseline
viewport/viewport.go::method::Model.AtBottom	missing	-	baseline
viewport/viewport.go::method::Model.AtTop	missing	-	baseline
viewport/viewport.go::method::Model.ClearHighlights	missing	-	baseline
viewport/viewport.go::method::Model.EnsureVisible	missing	-	baseline
viewport/viewport.go::method::Model.GetContent	missing	-	baseline
viewport/viewport.go::method::Model.GotoBottom	missing	-	baseline
viewport/viewport.go::method::Model.GotoTop	missing	-	baseline
viewport/viewport.go::method::Model.HalfPageDown	missing	-	baseline
viewport/viewport.go::method::Model.HalfPageUp	missing	-	baseline
viewport/viewport.go::method::Model.Height	missing	-	baseline
viewport/viewport.go::method::Model.HighlightNext	missing	-	baseline
viewport/viewport.go::method::Model.HighlightPrevious	missing	-	baseline
viewport/viewport.go::method::Model.HorizontalScrollPercent	missing	-	baseline
viewport/viewport.go::method::Model.Init	missing	-	baseline
viewport/viewport.go::method::Model.PageDown	missing	-	baseline
viewport/viewport.go::method::Model.PageUp	missing	-	baseline
viewport/viewport.go::method::Model.PastBottom	missing	-	baseline
viewport/viewport.go::method::Model.ScrollDown	missing	-	baseline
viewport/viewport.go::method::Model.ScrollLeft	missing	-	baseline
viewport/viewport.go::method::Model.ScrollPercent	missing	-	baseline
viewport/viewport.go::method::Model.ScrollRight	missing	-	baseline
viewport/viewport.go::method::Model.ScrollUp	missing	-	baseline
viewport/viewport.go::method::Model.SetContent	missing	-	baseline
viewport/viewport.go::method::Model.SetContentLines	missing	-	baseline
viewport/viewport.go::method::Model.SetHeight	missing	-	baseline
viewport/viewport.go::method::Model.SetHighlights	missing	-	baseline
viewport/viewport.go::method::Model.SetHorizontalStep	missing	-	baseline
viewport/viewport.go::method::Model.SetWidth	missing	-	baseline
viewport/viewport.go::method::Model.SetXOffset	missing	-	baseline
viewport/viewport.go::method::Model.SetYOffset	missing	-	baseline
viewport/viewport.go::method::Model.TotalLineCount	missing	-	baseline
viewport/viewport.go::method::Model.Update	missing	-	baseline
viewport/viewport.go::method::Model.View	missing	-	baseline
viewport/viewport.go::method::Model.VisibleLineCount	missing	-	baseline
viewport/viewport.go::method::Model.Width	missing	-	baseline
viewport/viewport.go::method::Model.XOffset	missing	-	baseline
viewport/viewport.go::method::Model.YOffset	missing	-	baseline
viewport/viewport.go::struct::GutterContext	missing	-	baseline
viewport/viewport.go::struct::Model	missing	-	baseline
viewport/viewport.go::type::GutterFunc	missing	-	baseline
viewport/viewport.go::type::Option	missing	-	baseline
